"0","SURA MARE"
"1","CUTITUL DE ARGINT"
"2","ADESGO"
"3","COLEGIUL NATIONAL GH. SINCAI"
"4","UNIV. CRESTINA DIMITRIE CANTE"
"5","SCOALA GENERALA 81"
"6","PAPAZOGLU"
"7","BD. OCTAVIAN GOGA"
"8","POSTA VITAN"
"9","PIATA VITAN"
"10","BUCURESTI-MALL"
"11","ZIZIN"
"12","CALEA VITAN"
"13","LABORATOR"
"14","CALEA DUDESTI"
"15","BABA NOVAC"
"16","GHEORGHE PETRASCU"
"17","PIATA HURMUZACHI"
"18","VATRA LUMINOASA"
"19","PIATA IANCULUI"
"20","BD. FERDINAND"
"21","BUCUR OBOR"
"22","LIZEANU"
"23","DR. GROZOVICI"
"24","VASILE LASCAR"
"25","STADION DINAMO"
"26","CALEA DOROBANTILOR"
"27","ROMA"
"28","PASAJ VICTORIA"
"29","DR. FELIX"
"30","BD. BANU MANTA"
"31","PASAJUL BASARAB"
"32","POD GROZAVESTI"
"33","BD. IULIU MANIU"
"34","BD. TIMISOARA"
"35","PIATA DANNY HUWE"
"36","APRODEX"
"37","CALEA 13 SEPTEMBRIE"
"38","INOX"
"39","CALEA RAHOVEI"
"40","SPATARUL PREDA"
"41","SOSEAUA VIILOR"
"42","STEFAN HEPITES"
"43","PIATA EROII REVOLUTIEI"
"44","CIMITIRUL SERBAN VODA"
"45","DR. CONSTANTIN ISTRATI"
"46","BD. VASILE MILEA"
"47","MIEILOR"
"48","NERVA TRAIAN"
"49","UNIVERSITATEA CRESTINA DIMITR"
"50","CIMITIRUL EROII REVOLUTIEI"
"51","C.F.R. PROGRESUL"
"52","CAP. RADUCANU CRISTEA"
"53","ANGHEL NUTU"
"54","LUICA"
"55","CIMITIRUL PROGRESUL"
"56","BACIULUI"
"57","ZETARILOR"
"58","SOSEAUA GIURGIULUI"
"59","PIATA SF. GHEORGHE"
"60","HRISTO BOTEV"
"61","BD. CAROL I"
"62","BATISTEI"
"63","MARIA ROSETTI"
"64","PIATA GEMENI"
"65","TEATRUL METROPOLIS"
"66","SOSEAUA STEFAN CEL MARE"
"67","BD. LACUL TEI"
"68","ROSSINI"
"69","CEAIKOVSKI"
"70","GIUSEPPE VERDI"
"71","MUZEUL AVIATIEI"
"72","SOSEAUA PIPERA"
"73","MAGURICEA"
"74","PASAJ BANEASA"
"75","APICOLA"
"76","PIATA BANEASA"
"77","CIMITIRUL EVREIESC"
"78","DRUMUL GAZARULUI"
"79","TOPORASI"
"80","PIATA PROGRESUL"
"81","MUZEUL BACOVIA"
"82","AUTOGARA FILARET"
"83","PARCUL CAROL I"
"84","GRAMONT"
"85","PATRIARHIA ROMANA"
"86","PIATA UNIRII"
"87","11 IUNIE"
"88","DEPOUL MILITARI"
"89","INSCUT"
"90","S.C. VEST"
"91","URBIS"
"92","CESAROM"
"93","C.F.R. COTROCENI"
"94","VALEA CASCADELOR"
"95","RADOX"
"96","VALEA OLTULUI"
"97","FRIGOCOM"
"98","ROMANCIERILOR"
"99","COMPASULUI"
"100","BRASOV"
"101","SERGENT MOISE"
"102","SIBIU"
"103","SOSEAUA PROGRESULUI"
"104","CALEA FERENTARI"
"105","SOSEAUA SALAJ"
"106","CIBINULUI"
"107","ARMISTITIULUI"
"108","SULITEI"
"109","PIATA FERENTARI"
"110","VADUL NOU"
"111","VALTOAREI"
"112","CALEA PLEVNEI"
"113","SPITALUL PANAIT SARBU"
"114","PASAJ GRANT"
"115","CIMITIRUL CALVIN"
"116","GEORGE VALSAN"
"117","BD. CONSTRUCTORILOR"
"118","GODENI"
"119","PIATA GIULESTI"
"120","COPSA MICA"
"121","INSTITUTUL PASTEUR"
"122","DEPOUL GIULESTI"
"123","CARTIER 16 FEBRUARIE"
"124","PIATA SF. VINERI"
"125","ALEXANDRU SIHLEANU"
"126","HALA TRAIAN"
"127","BD. PACHE PROTOPOPESCU"
"128","HOREI"
"129","SOSEAUA MIHAI BRAVU"
"130","SOSEAUA PANTELIMON"
"131","CIMITIRUL ARMENESC"
"132","SOSEAUA IANCULUI"
"133","BD. CHISINAU"
"134","PICTOR HARLESCU"
"135","BD. BASARABIA"
"136","BAIA DE ARAMA"
"137","LUCRETIU PATRASCANU"
"138","BD. 1 DECEMBRIE 1918"
"139","BARAJUL IEZERU"
"140","BARAJUL ROVINARI"
"141","FAUR POARTA 4"
"142","SOSEAUA MORARILOR"
"143","BD. NICOLAE GRIGORESCU"
"144","BAICULUI"
"145","PIATA SF. STEFAN"
"146","PIATA CORNELIU COPOSU"
"147","MIHAI EMINESCU"
"148","TOAMNEI"
"149","REINVIERII"
"150","ALEXANDRU CEL BUN"
"151","TEIUL DOAMNEI"
"152","LACUL TEI"
"153","STRANDUL TEI"
"154","SOSEAUA FABRICA DE GLUCOZA"
"155","GELCAP"
"156","ROCIN"
"157","ELECTRONICA"
"158","PLATFORMA INDUSTRIALA PIPERA"
"159","GRIGORE MOISIL"
"160","ZIDURI MOSI"
"161","DOAMNA GHICA"
"162","RAUL COLENTINA"
"163","CARTIER COLENTINA"
"164","SPORTULUI"
"165","CORNISOR"
"166","NICOLAE CANEA"
"167","PASAJ COLENTINA"
"168","PIATA CHIRIGIU"
"169","PIATA REGINA MARIA"
"170","BD. DIMITRIE CANTEMIR"
"171","PASAJ MARASESTI"
"172","POLICLINICA VITAN"
"173","DEPOUL DUDESTI"
"174","DRISTORULUI"
"175","PIATA RAMNICU SARAT"
"176","VOLUNTARILOR"
"177","FIZICIENILOR"
"178","ILIOARA"
"179","PIATA TITAN"
"180","DUMBRAVA NOUA"
"181","OZANA"
"182","I.O.R. 2"
"183","STIROM"
"184","POLICOLOR"
"185","CHIMOPAR"
"186","COMPLEX RATB TITAN"
"187","CARTIER DAMAROAIA"
"188","IZBICENI"
"189","NEATARNARII"
"190","BD. BUCURESTII NOI"
"191","PAJUREI"
"192","DEPOUL BUCURESTII NOI"
"193","CARPATI"
"194","CLABUCET"
"195","AVIATOR POPISTEANU"
"196","PIATA DOMENII"
"197","BD. MARESAL AVERESCU"
"198","PIATA ION MIHALACHE"
"199","PIATA VICTORIEI"
"200","PIATA BUZESTI"
"201","MIRCEA VULCANESCU"
"202","RADIO ROMANIA"
"203","VASILE PARVAN"
"204","CISMIGIU"
"205","OSTASILOR"
"206","BD. GLORIEI"
"207","DEPOUL ALEXANDRIA"
"208","ANTIAERIANA"
"209","MARGEANULUI"
"210","PIATA RAHOVA"
"211","PETRE ISPIRESCU"
"212","CALEA GIULESTI"
"213","GARA BASARAB"
"214","REPUBLICA"
"215","FAUR"
"216","GRUP INDUSTRIAL TITAN"
"217","PIATA OBOR"
"218","SOSEAUA COLENTINA"
"219","TURMELOR"
"220","MAICA DOMNULUI"
"221","HALELE OBOR"
"222","OFICIUL POSTAL 72"
"223","POSTAVARULUI"
"224","LIVIU REBREANU"
"225","ARENA NATIONALA"
"226","PATINOAR"
"227","DELEA VECHE"
"228","UNIVERSITATEA HYPERION"
"229","PIATA PRESEI"
"230","AGRONOMIE"
"231","CASIN"
"232","BD. ION MIHALACHE"
"233","SOSEAUA CRANGASI"
"234","PIATA CRANGASI"
"235","POD CIUREL"
"236","ORSOVA"
"237","BD. UVERTURII"
"238","DRUMUL TABEREI"
"239","PARCUL DRUMUL TABEREI"
"240","GHENCEA"
"241","TURDA"
"242","UNIVERSITATEA ROMANO-AMERICANA"
"243","BD.EXPOZITIEI"
"244","GRIVITA"
"245","GARA DE NORD"
"246","BUZESTI"
"247","BD. EXPOZITIEI"
"248","MEZES"
"249","MARMUREI"
"250","CRINULUI"
"251","MINERVA"
"252","NAVIGATIEI"
"253","SOSEAUA CHITILEI"
"254","SUBCETATE"
"255","DR. CONSTANTIN CARACAS"
"256","LT. VICTOR MANU"
"257","BD. PIERRE DE COUBERTIN"
"258","SEBASTIAN"
"259","DRUMUL SARII"
"260","CIMITIRUL GHENCEA"
"261","MASTER"
"262","IMPRIMERIA NATIONALA"
"263","AUTOGARA MILITARI"
"264","APUSULUI"
"265","VALEA LUNGA"
"266","PIATA GORJULUI"
"267","RASARITULUI"
"268","VETERANILOR"
"269","LUJERULUI"
"270","LICEUL TUDOR VLADIMIRESCU"
"271","U.P.B."
"272","FACULTATEA ELECTRONICA"
"273","PIATA LEUL"
"274","CAROL DAVILA"
"275","POD COTROCENI"
"276","CASA STUDENTILOR"
"277","PIATA MIHAIL KOGALNICEANU"
"278","GRADINA CISMIGIU"
"279","UNIVERSITATE"
"280","PIATA ROSETTI"
"281","TEATRUL NATIONAL"
"282","FACULTATEA DE DREPT"
"283","STIRBEI VODA"
"284","GRADINA BOTANICA"
"285","BD. G-RAL VASILE MILEA"
"286","WITING"
"287","NUFARUL"
"288","METRO MILITARI"
"289","VICTORIA"
"290","GRUP SCOLAR AUTO"
"291","BD. DINICU GOLESCU"
"292","MINISTERUL TRANSPORTURILOR"
"293","DRIDU"
"294","FAUREI"
"295","PIATA PAJURA"
"296","R.A.R."
"297","LAINICI"
"298","KIEV"
"299","GRIRO"
"300","CARAIMAN"
"301","CIMITIRUL SFANTA VINERI"
"302","STOICA LUDESCU"
"303","SOSEAUA NICOLAE TITULESCU"
"304","POLIZU"
"305","SFINTII VOIEVOZI"
"306","CALEA GRIVITEI"
"307","NICOLAE TITULESCU"
"308","SPITALUL FUNDENI"
"309","BALOTULUI"
"310","CREMENITA (PIATA COLENTINA)"
"311","FAINARI"
"312","ARMENEASCA"
"313","CALEA MOSILOR"
"314","SUVEICA"
"315","VALEA ARGESULUI"
"316","DRUMUL TABEREI 98"
"317","ALEEA VLASIEI"
"318","LICEUL EUGEN LOVINESCU"
"319","1 MAI"
"320","DRUMETUL"
"321","FAVORIT"
"322","ORIZONT"
"323","FOISORUL DE FOC"
"324","AVRIG"
"325","GARA OBOR"
"326","OBORUL NOU"
"327","BD.TIMISOARA"
"328","RAUL DOAMNEI"
"329","POSTA"
"330","LICEUL NICHITA STANESCU"
"331","CONSTANTIN BRANCUSI"
"332","I.O.R."
"333","SOSEAUA CAMPIA LIBERTATII"
"334","ION TUCULESCU"
"335","AMAZOANEI"
"336","BD. DECEBAL"
"337","CALEA CALARASILOR"
"338","BISERICA DELEA VECHE"
"339","TEPES VODA"
"340","MATEI VOIEVOD"
"341","TRAIAN"
"342","INVINGATORILOR"
"343","TURNU MAGURELE"
"344","ALIORULUI"
"345","STRADUINTEI"
"346","DRAGOS MLADINOVICI"
"347","EMIL RACOVITA"
"348","SPITALUL DR. ALEXANDRU OBREGIA"
"349","ALEEA RAUL TARGULUI"
"350","CICEU"
"351","BD. ALEXANDRU OBREGIA"
"352","NITU VASILE"
"353","PIATA RESITA"
"354","STRAJA"
"355","IZVORUL RECE"
"356","BD. CONSTANTIN BRANCOVEANU"
"357","RESITA"
"358","PIATA SPANIEI"
"359","PIATA ROMANA"
"360","CALEA VICTORIEI"
"361","BD. ALEXANDRU IOAN CUZA"
"362","LICEUL EC. VIRGIL MADGEARU"
"363","BERZEI"
"364","AURA BUZESCU"
"365","AGRICULTORILOR"
"366","MECET"
"367","SCOALA IANCULUI"
"368","DUMITRU MARINESCU"
"369","TACERII"
"370","MANEA SERBAN"
"371","TRIMBITEI"
"372","PIATA 13 SEPTEMBRIE"
"373","NABUCULUI"
"374","LT. NICOLAE GAINA"
"375","TRAMBITEI"
"376","BD.CHISINAU"
"377","PARCUL TITAN"
"378","POLICLINICA TITAN"
"379","SOLD. MIHALE STELIAN"
"380","CODRII NEAMTULUI"
"381","COMPLEX COMERCIAL TITAN"
"382","SOSEAUA MIHAI BRAVU 33"
"383","CORA PANTELIMON"
"384","SOSEAUA DUDESTI-PANTELIMON"
"385","GRANITUL"
"386","SPITALUL NICOLAE MALAXA"
"387","BODESTI"
"388","FACULTATEA DE POMPIERI"
"389","SOS. MORARILOR"
"390","TANDAREI"
"391","C.E.T. SUD VITAN"
"392","GRUP SCOLAR IND. REPUBLICA"
"393","MEIULUI"
"394","COMPLEX COMERCIAL"
"395","SCOALA GENERALA 55"
"396","BUCUR"
"397","SOLDAT RADU TINA"
"398","CATANOAIA"
"399","SOSEAUA GARII CATELU"
"400","I. C. M. E. POARTA 1"
"401","FABRICA DE OXIGEN"
"402","ISOVOLTA"
"403","I.C.M.E.  POARTA 1"
"404","S.C. BUCUR"
"405","SPITALUL PANTELIMON"
"406","SOSEAUA FUNDENI"
"407","PIATA ALBA IULIA"
"408","LUCIAN BLAGA"
"409","BIBLIOTECA NATIONALA A ROMANIE"
"410","BD. I. C. BRATIANU"
"411","PIATA NATIUNILE UNITE"
"412","ELIE RADU"
"413","POD IZVOR"
"414","POD HASDEU"
"415","OPERA NATIONALA"
"416","POD EROILOR"
"417","FACULTATEA MEDICINA VETERINARA"
"418","PIATA UNIRII 1"
"419","MAIOR CORAVU"
"420","GHIDIGENI"
"421","DRUMUL COOPERATIVEI"
"422","PIATA DRUMUL TABEREI"
"423","DRUMUL TABEREI 35"
"424","PODUL GROZAVESTI"
"425","SOSEAUA ORHIDEELOR"
"426","TRAIAN VASILE"
"427","SPITALUL CFR 2"
"428","BD. REGIEI"
"429","DRUMUL TABEREI 34"
"430","PRELUNGIREA GHENCEA"
"431","ROSIA MONTANA"
"432","DEZROBIRII"
"433","CIMITIRUL MILITARI"
"434","ARAGONITULUI"
"435","GHIRLANDEI"
"436","MARGELELOR"
"437","BD. ANUL 1864"
"438","CATINEI"
"439","CARTIER ROSU"
"440","TUFANELELOR"
"441","STRAMOSILOR"
"442","BD.UVERTURII"
"443","TEATRUL MASCA"
"444","PASAJ LUJERULUI"
"445","C.F.R. CONSTANTA"
"446","PIPERA"
"447","MARIN DRACEA"
"448","BARBU VACARESCU"
"449","AUREL VLAICU"
"450","NICOLAE CARAMFIL"
"451","PASAJUL AVIATIEI"
"452","AEROPORTUL BANEASA"
"453","BRODINA"
"454","BIOTERRA"
"455","CORALILOR"
"456","NUFERILOR"
"457","FORADEX"
"458","COMBINATUL FONDULUI PLASTIC"
"459","JIULUI"
"460","DEPOZIT PAJURA"
"461","PARCUL BAZILESCU"
"462","JIMBOLIA"
"463","EPISCOPUL VULCAN"
"464","LAROMET"
"465","PRECIZIA"
"466","TRUSESTI"
"467","OASULUI"
"468","MIHAI VITEAZUL"
"469","MAICA TEOFANA"
"470","SOLD. ADRIAN PATRU"
"471","COMPLEX COMERCIAL COLOSSEUM"
"472","MAICA  TEOFANA"
"473","BD. LAMINORULUI"
"474","FACULTATEA BIOTERRA"
"475","SOSEAUA BUCURESTI-PLOIESTI"
"476","HOTEL PHOENICIA"
"477","CARUTASILOR"
"478","PIATA SFANTA VINERI"
"479","BD. MARASESTI"
"480","CIMITIRUL EROILOR REVOLUTIEI"
"481","OPRIS ILIE"
"482","SECUILOR"
"483","SPITALUL DE COPII"
"484","IZVORUL CRISULUI"
"485","LAMOTESTI"
"486","IZVORUL OLTULUI"
"487","UCEA"
"488","ANGHEL ALEXANDRU"
"489","RADUCANU CRISTEA"
"490","GARA PROGRESUL"
"491","COVASNA"
"492","MIRCEA VODA"
"493","MATEI BASARAB"
"494","CARTIER CONFORT URBAN"
"495","PIATA PUCHENI"
"496","BACAU"
"497","AMURGULUI"
"498","PECINEAGA"
"499","FABRICA DE PAINE"
"500","DOINA"
"501","SOS. VIILOR"
"502","NASAUD"
"503","PIATA 21 DECEMBRIE 1989"
"504","SPITALUL UNIVERSITAR"
"505","UNIVERSITATEA NATIONALA DE APA"
"506","DR. MIHAI CIUCA"
"507","SPITALUL DR. TH. BURGHELE"
"508","SOSEAUA PANDURILOR"
"509","GARLENI"
"510","CARTIER TUDOR VLADIMIRESCU"
"511","COSTISA"
"512","ANSAMBLUL PRIMAVARA"
"513","SERE MILITARI"
"514","DRUMUL FUNIGEILOR"
"515","MAGNOLIEI"
"516","CARTIERUL LATIN"
"517","COMPLEX CARTIER LATIN"
"518","SPITALUL DR. BURGHELE"
"519","DR.MIHAI CIUCA"
"520","PROFESOR DR. RAINER"
"521","PIATA OPEREI"
"522","CONSTANTIN CRISTESCU"
"523","BD. NICOLAE BALCESCU"
"524","BUCURESTI MALL"
"525","STADION OLIMPIA"
"526","COMPLEX COMERCIAL VITAN"
"527","ENERGETICIENILOR"
"528","PRIMARIA SECTOR 6"
"529","POD VITAN"
"530","COMPLEX COMERCIAL VITAN BARZES"
"531","SPITALUL SF. IOAN"
"532","INML"
"533","SOSEAUA VITAN BARZESTI"
"534","ROMPRIM"
"535","SOSEAUA OLTENITEI"
"536","CARTIER VITAN BARZESTI"
"537","POD VITAN BARZESTI"
"538","FUNDATIA ''AISTEDA''"
"539","UZITEX"
"540","PISCUL RACHITEI"
"541","POD MIHAI BRAVU"
"542","PENES CURCANUL"
"543","VULCAN BERCENI"
"544","I.M.G.B. POARTA 3"
"545","DUMITRU BRUMARESCU"
"546","BD. METALURGIEI 136"
"547","METRO BERCENI"
"548","SERE"
"549","EDITURA ARAMIS"
"550","CARTIER APARATORII PATRIEI"
"551","COMISANI"
"552","BD. METALURGIEI"
"553","I.M.G.B. POARTA 1"
"554","I. M. G. B. POARTA 2"
"555","UPETROLAM"
"556","SOS. BERCENI 104 S"
"557","SOS. BERCENI 104"
"558","SOSEAUA DE CENTURA"
"559","FACULTATIVA"
"560","REMAT"
"561","PECO SILFLOR MOVE"
"562","I. M. G. B. POARTA 1"
"563","PIATA APARATORII PATRIEI"
"564","PLATFORMA  METALURGIEI"
"565","NICOLAE GOLESCU"
"566","LUTERANA"
"567","POPA TATU"
"568","BD. GHENCEA"
"569","BD.NICOLAE BALCESCU"
"570","A.S.E."
"571","PERLA"
"572","LICEUL ION LUCA CARAGIALE"
"573","PIATA DOROBANTILOR"
"574","PIATA CHARLES DE GAULLE"
"575","ARCUL DE TRIUMF"
"576","MUZEUL SATULUI"
"577","GARA BANEASA"
"578","POD BANEASA"
"579","AEROPORT BANEASA"
"580","COMPLEX COMERCIAL BANEASA"
"581","PIATA  DOROBANTILOR"
"582","BD.DACIA"
"583","BD.UNIRII"
"584","PIATA TIMPURI NOI"
"585","BD. ABATORULUI"
"586","BD.TINERETULUI"
"587","ANCUTA BANEASA"
"588","MIRCEA ELIADE"
"589","GEORGE CALINESCU"
"590","PIATA FLOREASCA"
"591","STADIONUL DINAMO"
"592","SOS.STEFAN CEL MARE"
"593","GLINKA"
"594","C.E.T. VEST MILITARI"
"595","FIROS"
"596","ITIA"
"597","COMAT AUTO"
"598","PIATA ARSENALULUI"
"599","CASA ACADEMIEI"
"600","PALATUL PARLAMENTULUI"
"601","BD. B.P.HASDEU"
"602","UNIV. NATIONALA DE APARARE"
"603","BD. PRECIZIEI"
"604","CARREFOUR MILITARI"
"605","COMPLEX COMERCIAL WEST PARK"
"606","SCOALA GENERALA 309"
"607","PETUNIEI"
"608","CARTIER MILITARI"
"609","COMPLEX COMERCIAL MILITARI"
"610","CENTRUL COMERCIAL MILITARI"
"611","PIATA FERENTARILOR"
"612","CAP. PREDA"
"613","BUZOIENI"
"614","MUNTII CARPATI"
"615","ROCAR"
"616","SUHAIA"
"617","DOROHOI"
"618","CONSTANTA"
"619","SCUT - GHERASE"
"620","SCOALA GENERALA 145"
"621","DUMITRU SLUGERU"
"622","DIMITRIE GROZDEA"
"623","HELIADE INTRE VII"
"624","HOTEL PARC"
"625","CITY CENTER"
"626","CASA PRESEI"
"627","MAGAZIILE 16 FEBRUARIE"
"628","CONDAX"
"629","MUZEUL CULTURII ROMILOR"
"630","PODUL ILFOVAT"
"631","RUSETU"
"632","MEHADIEI"
"633","BD. CEAHLAU"
"634","SPITALUL DR. PANAIT SARBU"
"635","PASCAL CRISTIAN"
"636","TIBLES"
"637","SOS. CRANGASI"
"638","GIULESTI SARBI"
"639","RASADNITEI"
"640","SCOALA"
"641","SCULPTORILOR"
"642","INTRAREA CARAMIDARIEI"
"643","POIANA LACULUI"
"644","POIANA MUNTELUI"
"645","PIATA VALEA IALOMITEI"
"646","VALEA DOFTANEI"
"647","PARCUL CONSTANTIN BRANCUSI"
"648","CARTIER CONSTANTIN BRANCUSI"
"649","COLOANA INFINITULUI"
"650","MASA TACERII"
"651","DRUMUL TABEREI 85"
"652","PARCUL SEBASTIAN"
"653","INCLINATA"
"654","COMPLEX COMERCIAL APUSULUI"
"655","PIATA VIRGILIU"
"656","SALA PALATULUI"
"657","DRUMUL OSIEI"
"658","G-RAL  ALEXANDRU CERNAT"
"659","PETRU RARES"
"660","SALA LUCIAN GRIGORESCU"
"661","CALEA FLOREASCA"
"662","GARIBALDI"
"663","MIHAIL GLINKA"
"664","CIRCUL BUCURESTI"
"665","LUIGI GALVANI"
"666","INSTITUTUL DE CONSTRUCTII"
"667","GRIGORE IONESCU"
"668","RADOVANU"
"669","ITCANI"
"670","INSTITUTUL ONCOLOGIC"
"671","LICEUL VICTOR BABES"
"672","F. C. JUVENTUS"
"673","BD. GHICA TEI"
"674","BASCOV"
"675","AREFULUI"
"676","DANTELEI"
"677","LAVEI"
"678","CIMITIRUL GHENCEA 3"
"679","STRAND STRAULESTI"
"680","SOS.BUCURESTI TARGOVISTE"
"681","LACUL GRIVITA"
"682","PISCUL SCOARTEI"
"683","PISCUL RADULUI"
"684","DRUMUL REGIMENTULUI"
"685","DARMANESTI"
"686","BD. APICULTORILOR"
"687","MANASTIREA CASIN"
"688","VASILE GHERGHEL"
"689","SPITALUL CLINIC FILANTROPIA"
"690","PRIMARIA SECTOR 1"
"691","BD. FICUSULUI"
"692","HORIA MACELARIU"
"693","ROMAERO"
"694","ANGHEL MOLDOVEANU"
"695","TUDOR GOCIU"
"696","DEPOUL GIURGIULUI"
"697","POGOANELE"
"698","C.E.T. PROGRESUL"
"699","ACTIUNII"
"700","VALEA IALOMITEI"
"701","TEXTILA MILITARI"
"702","INTRAREA SERELOR"
"703","TABEREI"
"704","CARTIER REZ. SPLAIUL UNIRII"
"705","NICOLAE TECLU"
"706","SPLAIUL UNIRII 749"
"707","COMPLEX AUTO SPLAIUL UNIRII"
"708","RELEULUI"
"709","TEIUS"
"710","SOSEAUA MAGURELE"
"711","CARACAL"
"712","TOBOSARI"
"713","GUTUILOR"
"714","PETRE GRIGOREANU"
"715","SCOALA GENERALA NR. 127"
"716","DUMITRU PENES"
"717","PLATFORMA COMERCIALA ARCADE BE"
"718","TOMESTI"
"719","SPITALUL DR. MARINESCU"
"720","AMIRO"
"721","PIATA SUDULUI"
"722","HUSI"
"723","TORENTULUI"
"724"," RAUL COLENTINA"
"725","INTRARE SAT CATELU"
"726","SAT CATELU"
"727","C.F.R. CATELU"
"728","SOSEAUA INDUSTRIILOR"
"729","PIATA CATELU"
"730","MUNTII MEHEDINTI"
"731","POLICOLOR 2"
"732","PUPITRULUI"
"733","DARABANI"
"734","IRISULUI"
"735","SOSEAUA DUDESTI PANTELIMON"
"736","FUNDENI"
"737","SPICULUI"
"738","INTRAREA FUNDENI"
"739","COMPLEX COMERCIAL FUNDENI"
"740","BARAJUL DUNARII"
"741","ATLASULUI"
"742","JANDARMERIEI"
"743","GRIGORE ALEXANDRU GHICA"
"744","G-RAL ION BUNOAICA"
"745","I.N.M.H."
"746","INSTITUTUL METEOROLOGIC"
"747","DRUMUL MATASII"
"748","OASPETILOR"
"749","SOSEAUA PETRICANI"
"750","MAIOR BACILA"
"751","POIANA CU ALUNI"
"752","MINERILOR"
"753","RASCOALA 1907"
"754","BD.LACUL TEI"
"755","POVERNEI"
"756","MUZEUL TARANULUI ROMAN"
"757","SANDU ALDEA"
"758","ORLANDO"
"759","PARC HERASTRAU"
"760","AMBASADA S.U.A."
"761","PADUREA BANEASA"
"762","RESTAURANT BANEASA"
"763","GRADINA ZOOLOGICA"
"764","MICROELECTRONICA"
"765","JOLIE VILLE BANEASA"
"766","ACADEMIA DE POLITIE"
"767","TEIULUI"
"768","PENITENCIARUL RAHOVA"
"769","ALBOTESTI"
"770","GLADIOLELOR"
"771","CELOFIBREI"
"772","SMARDAN"
"773","CARTIER FORTUNA COBORARE"
"774","CARTIER FORTUNA"
"775","VENUS"
"776","SOSEAUA VARTEJULUI"
"777","SLATINA"
"778","CURTEA DE ARGES"
"779","PECINISCA"
"780","SOSEAUA ALEXANDRIEI"
"781","ALEEA PRIVIGHETORILOR"
"782","LICEUL FRANCEZ"
"783","PASAJ C.F.R.OTOPENI"
"784","PASAJ OTOPENI"
"785","SAT ODAI"
"786","I. C. S. I. M."
"787","FERMA ODAI"
"788","ADP SECTOR 1"
"789","CIMITIRUL STRAULESTI"
"790","C.F.R. CENTURA"
"791","BD. PETRILA"
"792","BUZIAS"
"793","DOI COCOSI"
"794","CFR CENTURA"
"795","SOSEAUA ODAI 179"
"796","PASAJ C.F.R. OTOPENI"
"797","SOSEAUA BUCURESTI-PLOIESTI 107"
"798","POD LACURI"
"799","PIATA DE GROS"
"800","PRIDVORULUI"
"801","COSTACHE STAMATE"
"802","PALATUL NATIONAL AL COPIILOR"
"803","PARCUL TINERETULUI"
"804","VISANA"
"805","COLECTIV"
"806","C.F.R."
"807","SOS. CAMPIA LIBERTATII"
"808","INSTITUTUL AGRONOMIC"
"809","SOSEAUA MIHAI BRAVU 88"
"810","PIATA LAHOVARI"
"811","BD. BUCURESTI NOI"
"812","SARAFINESTI"
"813","ZEFIRUL"
"814","DR.STAICOVICI"
"815","DR. STAICOVICI"
"816","SEMANATOAREA POARTA 2"
"817","SEMANATOAREA"
"818","POLITEHNICA"
"819","PRIMARIA MUNICIPIULUI BUCUREST"
"820","E.L.C.E.N."
"821","A.N.E.F.S."
"822","FACULTATEA DE FILOSOFIE"
"823","COMPLEX GROZAVESTI"
"824","CAMIN U4"
"825","COMPLEX REGIE"
"826","G-RAL PETRE POPOVAT"
"827","STADION"
"828","LUNCA BARZESTI"
"829","SOSEAUA BERCENI"
"830","MATASARI"
"831","SOS.PANTELIMON"
"832","OITUZ"
"833","PERIS"
"834","CIUCA STEFAN"
"835","ESCALEI"
"836","MENTIUNII"
"837","ZAMFIR NICOLAE"
"838","GHERGHITEI"
"839","SOSEAUA CHITILA"
"840","INSTITUTUL SF. MARIA"
"841","PRESTIGE"
"842","PARAUL RECE"
"843","CAZANESTI"
"844","PRIMARIA POPESTI-LEORDENI"
"845","VIILOR"
"846","FAGULUI"
"847","VISCOFIL"
"848","ALEEA DANUBIANA"
"849","DANUBIANA"
"850","ALEXANDRU IOAN CUZA"
"851","SCOALA DE APLICATIE"
"852","LICEU"
"853","EMINESCU"
"854","G-RAL  PRAPORGESCU"
"855","POPASUL RANDUNICA"
"856","POLICLINICA"
"857","BISERICII"
"858","SAT DUDU"
"859","CIMITIRUL CHIAJNA"
"860","BISERICA CHIAJNA"
"861","MAGAZIN ALIMENTAR"
"862","STATUIE"
"863","CHIAJNA"
"864","PREOT SEBE COSTIN"
"865","G-RAL  EREMIA GRIGORESCU"
"866","CANAL ARGES"
"867","CIMITIRUL GHENCEA 2"
"868","CENTURA DOMNESTI"
"869","STATIA ELECTRICA"
"870","PUTUL OLTENI"
"871","RADULUI"
"872","FRUMOASA"
"873","PODUL CIOROGARLA"
"874","FLOAREA SOARELUI"
"875","FABULEI"
"876","PANSELELOR"
"877","PRIMARIA DOMNESTI"
"878","CIUTACI"
"879","SCOALA GHEORGHE CORNELIU"
"880","MORII"
"881","CANTON DRUMURI"
"882","C.F.R. DOMNESTI"
"883","SCOALA DE 4 ANI"
"884","BABOI"
"885","SARUTULUI"
"886","BUBICA"
"887","CERNEI"
"888","ANSAMBLUL OLTENI"
"889","METRO VOLUNTARI"
"890","DORALY"
"891","SOSEAUA AFUMATI"
"892","BRAZI"
"893","PRIMARIA AFUMATI"
"894","AFUMATI"
"895","LICEUL TEORETIC RADU POPESCU"
"896","GHEORGHE COSTA-FORU"
"897","POSADA"
"898","DOMNITA BALASA"
"899","FORTULUI"
"900","C. F. R. CENTURA"
"901","S.C. GLINCARN"
"902","PIATA CLABUCET"
"903","CPT. RADU DRAGOS"
"904","PASAJ CHITILA"
"905","UTREC"
"906","ROMCERAM"
"907","GARA CHITILA"
"908","CAMIN CULTURAL"
"909","COMUNA CHITILA"
"910","LIBERTATII"
"911","PASAJ CFR CHITILA"
"912","I.A.I. MAGURELE"
"913","LIVEZII"
"914","CIMITIRUL MAGURELE"
"915","ROCON"
"916","PASAJ C.F.R MAGURELE"
"917","ATOMISTILOR 94"
"918","FACULTATEA DE FIZICA"
"919","A.C.R."
"920","POD CIOROGARLA"
"921","BUFET"
"922","DUMITRANA"
"923","S.C. ISPAS MARIN"
"924","SCOALA GENERALA"
"925","SAT DUMITRANA"
"926","SAT PRUNI"
"927","ATOMISTILOR 45"
"928","FOISORULUI"
"929","CRAITEI"
"930","SIPOTUL APELOR"
"931","ALUNISULUI"
"932","CIOCARLIEI"
"933","GRADINITA DOMNESTI"
"934","MARTE"
"935","NEPTUN"
"936","ORHIDEELOR"
"937","POIANA IZVOARELOR"
"938","BUCEGI"
"939","MARINARILOR"
"940","PADURARILOR"
"941","TRANSILVANIEI"
"942","TEGHES"
"943","JUPITER"
"944","CARTIERUL NOU"
"945","PECO"
"946","POD CENTURA"
"947","FABRICA DE MARGARINA"
"948","DUMBRAVENI"
"949","GRIVITEI"
"950","PRIMARIA BRAGADIRU"
"951","BRAGADIRU"
"952","HOTARULUI"
"953","SOSEAUA CLINCENI"
"954","MONUMENTUL EROILOR"
"955","PRIMARIA CLINCENI"
"956","CLINCENI"
"957","AMCO"
"958","PRIMARIA OTOPENI"
"959","ICSITMUA"
"960","AEROPORTUL HENRI COANDA"
"961","FILAN"
"962","GERIATRIE OTOPENI"
"963","C.F.R. BALOTESTI"
"964","UNIRII"
"965","MAGAZIN"
"966","OPRIRE"
"967","VARTEJU"
"968","CRIZANTEMELOR"
"969","STR. CIOROGARLEI"
"970","SCOALA OLTENI"
"971","CIOCARLIEI 79"
"972","CIMITIR CALTUNA"
"973","GRADINITA NR. 2"
"974","STRADA SABARULUI NR. 155"
"975","BISERICA SLOBOZIA"
"976","STRADA PRINCIPALA"
"977","STRADA CIOROGARLEI"
"978","PARC INDUSTRIAL"
"979","PARCUL BRANCOVENESC"
"980","PALATUL MOGOSOAIA"
"981","PRIMARIA MOGOSOAIA"
"982","AVICOLA"
"983","S.M.A MOGOSOAIA"
"984","STADION FRF"
"985","PREVENTORIU"
"986","S.M.A. MOGOSOAIA"
"987","FERMA AVICOLA"
"988","BUCIUMENI"
"989","DRUMUL RAZBOIENI"
"990","DRUMUL CIOCANESTI"
"991","LICEUL DUMITRU DUMITRESCU"
"992","ORAS BUFTEA"
"993","NIPON"
"994","ARTECA"
"995","PRIMARIA JILAVA"
"996","ARTISTILOR"
"997","1 DECEMBRIE"
"998","AEROPORT HENRI COANDA PLECARI"
"999","AEROPORT HENRI COANDA SOSIRI"
"1000","PIATA UNIRII 2"
"1001","DOCENTILOR"
